PRAGMA foreign_keys=OFF;
BEGIN TRANSACTION;
CREATE TABLE "accesses" ("id" INTEGER PRIMARY KEY AUTOINCREMENT NOT NULL, "desk_id" integer, "user_id" integer, "devolution_time" datetime, "image" blob, "created_at" datetime NOT NULL, "updated_at" datetime NOT NULL);
INSERT INTO "accesses" VALUES(1,2,1,NULL,NULL,'2017-06-09 01:02:14.212650','2017-06-09 01:02:14.212650');
INSERT INTO "accesses" VALUES(2,2,1,NULL,NULL,'2017-06-09 01:02:39.772000','2017-06-09 01:02:39.772000');
INSERT INTO "accesses" VALUES(3,2,2,NULL,NULL,'2017-06-09 01:07:59.529233','2017-06-09 01:07:59.529233');
INSERT INTO "accesses" VALUES(4,2,2,NULL,NULL,'2017-06-09 01:08:11.482946','2017-06-09 01:08:11.482946');
INSERT INTO "accesses" VALUES(5,2,1,NULL,NULL,'2017-06-09 01:10:04.097139','2017-06-09 01:10:04.097139');
INSERT INTO "accesses" VALUES(6,2,1,NULL,NULL,'2017-06-09 01:10:05.930890','2017-06-09 01:10:05.930890');
INSERT INTO "accesses" VALUES(7,2,1,NULL,NULL,'2017-06-09 01:10:06.871851','2017-06-09 01:10:06.871851');
INSERT INTO "accesses" VALUES(8,2,1,NULL,NULL,'2017-06-09 01:10:08.931617','2017-06-09 01:10:08.931617');
INSERT INTO "accesses" VALUES(9,2,1,NULL,NULL,'2017-06-09 01:10:10.648661','2017-06-09 01:10:10.648661');
INSERT INTO "accesses" VALUES(10,2,1,NULL,NULL,'2017-06-09 01:10:12.713584','2017-06-09 01:10:12.713584');
INSERT INTO "accesses" VALUES(11,2,1,NULL,NULL,'2017-06-09 01:14:45.531092','2017-06-09 01:14:45.531092');
INSERT INTO "accesses" VALUES(12,2,1,NULL,NULL,'2017-06-09 01:14:47.622229','2017-06-09 01:14:47.622229');
INSERT INTO "accesses" VALUES(13,2,1,NULL,NULL,'2017-06-09 01:14:53.629034','2017-06-09 01:14:53.629034');
INSERT INTO "accesses" VALUES(14,2,1,NULL,NULL,'2017-06-09 01:15:14.309143','2017-06-09 01:15:14.309143');
INSERT INTO "accesses" VALUES(15,2,1,NULL,NULL,'2017-06-09 01:15:34.947836','2017-06-09 01:15:34.947836');
CREATE TABLE "desks" ("id" INTEGER PRIMARY KEY AUTOINCREMENT NOT NULL, "name" varchar NOT NULL, "status" integer NOT NULL, "created_at" datetime NOT NULL, "updated_at" datetime NOT NULL, "lab_id" integer);
INSERT INTO "desks" VALUES(1,'Desk 01',1,'2017-06-08 23:46:31.234968','2017-06-09 00:21:50.774245',1);
INSERT INTO "desks" VALUES(2,'Desk 02',1,'2017-06-08 23:46:31.248289','2017-06-09 01:15:14.380580',1);
INSERT INTO "desks" VALUES(3,'Desk 03',1,'2017-06-08 23:46:31.262892','2017-06-08 23:46:31.262892',1);
INSERT INTO "desks" VALUES(4,'Desk 04',0,'2017-06-08 23:46:31.275286','2017-06-08 23:46:31.275286',1);
INSERT INTO "desks" VALUES(5,'Desk 05',1,'2017-06-08 23:46:31.290654','2017-06-08 23:46:31.290654',1);
CREATE TABLE "equipment" ("id" INTEGER PRIMARY KEY AUTOINCREMENT NOT NULL, "model" varchar NOT NULL, "description" varchar, "tag" varchar NOT NULL, "serial" varchar NOT NULL, "created_at" datetime NOT NULL, "updated_at" datetime NOT NULL, "desk_id" integer);
INSERT INTO "equipment" VALUES(1,'DE2-70','Placa de SD','023948812','28128438483','2017-06-08 23:46:31.316063','2017-06-08 23:46:31.316063',1);
INSERT INTO "equipment" VALUES(2,'DE2-70','Placa de SD','094833812','66128438483','2017-06-08 23:46:31.329131','2017-06-08 23:46:31.329131',2);
INSERT INTO "equipment" VALUES(3,'DE2-70','Placa de SD','02394886062','281284384023','2017-06-08 23:46:31.343186','2017-06-08 23:46:31.343186',4);
INSERT INTO "equipment" VALUES(4,'Arduíno UNO','Arduíno usado pra projetos de disciplinas diversas','394885666062','2812842343840','2017-06-08 23:46:31.358181','2017-06-08 23:46:31.358181',4);
INSERT INTO "equipment" VALUES(5,'DE2-70','Placa de SD','02488908712','28128434573','2017-06-08 23:46:31.373132','2017-06-08 23:46:31.373132',5);
CREATE TABLE "incidents" ("id" INTEGER PRIMARY KEY AUTOINCREMENT NOT NULL, "location" varchar NOT NULL, "description" varchar NOT NULL, "measure" varchar, "created_at" datetime NOT NULL, "updated_at" datetime NOT NULL);
INSERT INTO "incidents" VALUES(1,'Laboratório de Hardware','Quebra de placa DE2-70','Advertência ao aluno e comunicação a Edna.','2017-06-08 23:46:31.399895','2017-06-08 23:46:31.399895');
INSERT INTO "incidents" VALUES(2,'Laboratório de Hardware','Quebra de placa DE2-70','Advertência ao aluno e comunicação a Edna.','2017-06-08 23:46:31.417322','2017-06-08 23:46:31.417322');
INSERT INTO "incidents" VALUES(3,'Laboratório de Hardware','Quebra de Arduíno','Advertência ao aluno e comunicação a Edna.','2017-06-08 23:46:31.435383','2017-06-08 23:46:31.435383');
CREATE TABLE "labs" ("id" INTEGER PRIMARY KEY AUTOINCREMENT NOT NULL, "building" varchar NOT NULL, "code" varchar NOT NULL, "name" varchar NOT NULL, "created_at" datetime NOT NULL, "updated_at" datetime NOT NULL);
INSERT INTO "labs" VALUES(1,'CIn','C007','Laboratório de Hardware','2017-06-08 23:46:31.195845','2017-06-08 23:46:31.195845');
CREATE TABLE "tokens" ("id" INTEGER PRIMARY KEY AUTOINCREMENT NOT NULL, "value" varchar, "created_at" datetime NOT NULL, "updated_at" datetime NOT NULL, "user_id" integer);
CREATE TABLE "users" ("id" INTEGER PRIMARY KEY AUTOINCREMENT NOT NULL, "name" varchar NOT NULL, "cpf" varchar NOT NULL, "email" varchar NOT NULL, "encrypted_password" varchar NOT NULL, "admin" boolean DEFAULT 'f' NOT NULL, "created_at" datetime NOT NULL, "updated_at" datetime NOT NULL);
INSERT INTO "users" VALUES(1,'Admin','11111111111','admin@admin.com','$2a$11$KouyBAj7WA8yge2CyaGituZWpPT/.mG0NoNBEkKcpvtw3phLR/VJu','t','2017-06-08 23:46:31.008624','2017-06-08 23:46:31.008624');
INSERT INTO "users" VALUES(2,'User','22222222222','user@user.com','$2a$11$U7JrqT1K3ESnioTRL6OUtOyv331mlHtVP5ixxBU7KFrF71zjsRdRS','f','2017-06-08 23:46:31.170364','2017-06-08 23:46:31.170364');
CREATE TABLE "schema_migrations" ("version" varchar NOT NULL PRIMARY KEY);
INSERT INTO "schema_migrations" VALUES('20170517022151');
INSERT INTO "schema_migrations" VALUES('20170517003054');
INSERT INTO "schema_migrations" VALUES('20170517013103');
INSERT INTO "schema_migrations" VALUES('20170517003854');
INSERT INTO "schema_migrations" VALUES('20170517004100');
INSERT INTO "schema_migrations" VALUES('20170517010230');
INSERT INTO "schema_migrations" VALUES('20170517021901');
INSERT INTO "schema_migrations" VALUES('20170517003208');
INSERT INTO "schema_migrations" VALUES('20170517003459');
INSERT INTO "schema_migrations" VALUES('20170517003302');
CREATE TABLE "ar_internal_metadata" ("key" varchar NOT NULL PRIMARY KEY, "value" varchar, "created_at" datetime NOT NULL, "updated_at" datetime NOT NULL);
INSERT INTO "ar_internal_metadata" VALUES('environment','development','2017-06-08 23:46:30.564414','2017-06-08 23:46:30.564414');
DELETE FROM sqlite_sequence;
INSERT INTO "sqlite_sequence" VALUES('users',2);
INSERT INTO "sqlite_sequence" VALUES('labs',1);
INSERT INTO "sqlite_sequence" VALUES('desks',5);
INSERT INTO "sqlite_sequence" VALUES('equipment',5);
INSERT INTO "sqlite_sequence" VALUES('incidents',3);
INSERT INTO "sqlite_sequence" VALUES('accesses',15);
CREATE INDEX "index_accesses_on_desk_id" ON "accesses" ("desk_id");
CREATE INDEX "index_accesses_on_user_id" ON "accesses" ("user_id");
CREATE INDEX "index_desks_on_lab_id" ON "desks" ("lab_id");
CREATE INDEX "index_equipment_on_desk_id" ON "equipment" ("desk_id");
CREATE INDEX "index_tokens_on_user_id" ON "tokens" ("user_id");
COMMIT;
